{"DOTUSDT_Support Level Test": 1741029929.0962172, "AVAXUSDT_Fibonacci Support (0.786)": 1741030051.822066, "BNBUSDT_MACD Bearish Crossover": 1741030175.6555128, "ATOMUSDT_MACD Bearish Crossover": 1741080753.3791885, "BTCUSDT_Support Level Test": 1741082381.7379029, "LINKUSDT_Fibonacci Support (0.618)": 1741030544.4116535, "SOLUSDT_Fibonacci Support (0.705)": 1741030667.2247126, "ADAUSDT_Bollinger Band Bounce (Upper)": 1741030789.9237387, "ETHUSDT_Bollinger Band Bounce (Lower)": 1741030912.771439, "XRPUSDT_Bollinger Band Bounce (Lower)": 1741031036.1664698, "DOGEUSDT_Bollinger Band Bounce (Lower)": 1741031159.2670007, "UNIUSDT_Bollinger Band Bounce (Lower)": 1741031282.2031646, "ETCUSDT_Resistance Level Test": 1741031405.22049, "LTCUSDT_Candlestick Pattern: Three Black Crows": 1741031527.9097579, "BTCUSDT_Very Strong Bearish Trend (ADX)": 1741086829.3992114, "ETHUSDT_Very Strong Bearish Trend (ADX)": 1741072513.9019544, "BNBUSDT_Very Strong Bearish Trend (ADX)": 1741079634.5046809, "ADAUSDT_Very Strong Bearish Trend (ADX)": 1741072637.1898727, "SOLUSDT_Very Strong Bearish Trend (ADX)": 1741072760.4508018, "XRPUSDT_Very Strong Bearish Trend (ADX)": 1741072883.6377456, "DOTUSDT_Very Strong Bearish Trend (ADX)": 1741073006.8573751, "DOGEUSDT_Very Strong Bearish Trend (ADX)": 1741073127.8215032, "AVAXUSDT_Very Strong Bearish Trend (ADX)": 1741073251.4019153, "LINKUSDT_Very Strong Bearish Trend (ADX)": 1741079265.6891356, "LTCUSDT_Very Strong Bearish Trend (ADX)": 1741073374.5326216, "UNIUSDT_Very Strong Bearish Trend (ADX)": 1741079388.981864, "ATOMUSDT_Very Strong Bearish Trend (ADX)": 1741073498.1006422, "ETCUSDT_Very Strong Bearish Trend (ADX)": 1741079757.5434504, "BTCUSDT_Very Strong Bullish Trend (ADX)": 1741042569.775696, "ADAUSDT_Very Strong Bullish Trend (ADX)": 1741087075.8684206, "BNBUSDT_Ichimoku TK Cross (Bearish)": 1741060978.9539018, "UNIUSDT_Ichimoku TK Cross (Bearish)": 1741061101.8771057, "ETCUSDT_Ichimoku TK Cross (Bearish)": 1741083233.441472, "ETHUSDT_Ichimoku TK Cross (Bearish)": 1741079511.6771636, "XRPUSDT_Very Strong Bullish Trend (ADX)": 1741080630.118287, "BNBUSDT_Very Strong Bullish Trend (ADX)": 1741080946.498836, "SOLUSDT_Candlestick Pattern: Doji (Bearish)": 1741081069.5188265, "DOGEUSDT_Fibonacci Resistance (0.786)": 1741081192.5378509, "ADAUSDT_RSI Bearish Divergence": 1741081659.4052548, "DOGEUSDT_RSI Bearish Divergence": 1741081781.4265435, "LTCUSDT_Support Level Test": 1741082135.7933173, "UNIUSDT_Candlestick Pattern: Bearish Engulfing": 1741082258.8924856, "ETHUSDT_Fibonacci Support (0.786)": 1741082504.804965, "AVAXUSDT_Bollinger Band Bounce (Lower)": 1741082627.5722544, "ATOMUSDT_Fibonacci Support (0.786)": 1741082750.451335, "XRPUSDT_Fibonacci Support (0.705)": 1741082873.2987678, "XRPUSDT_Bollinger Band Bounce (Upper)": 1741083356.4017255, "LTCUSDT_Near Horizontal Support": 1741083479.2226253, "ATOMUSDT_Parabolic SAR Bearish": 1741083602.1200604, "LINKUSDT_Candlestick Pattern: Doji (Bullish)": 1741083725.0147865, "AVAXUSDT_Ichimoku TK Cross (Bearish)": 1741103349.8868976, "LTCUSDT_MACD Bearish Crossover": 1741084093.2247584, "DOTUSDT_Ichimoku TK Cross (Bearish)": 1741103226.6018462, "BTCUSDT_Candlestick Pattern: Three Black Crows": 1741084341.5738573, "SOLUSDT_Parabolic SAR Bearish": 1741084464.9155989, "ATOMUSDT_Bollinger Band Bounce (Lower)": 1741084587.8997207, "ATOMUSDT_Ichimoku TK Cross (Bearish)": 1741103596.901545, "BTCUSDT_RSI Bullish Divergence": 1741085292.9979699, "ETHUSDT_Fibonacci Support (0.705)": 1741085416.0784914, "LINKUSDT_Pattern: Morning Star": 1741085902.700055, "UNIUSDT_Parabolic SAR Bullish": 1741086301.9889698, "LINKUSDT_Ichimoku TK Cross (Bearish)": 1741086952.4799433, "SOLUSDT_Bearish Trend Change": 1741087198.9524808, "DOTUSDT_Bearish Trend Change": 1741087322.2017858, "AVAXUSDT_Bearish Trend Change": 1741087445.5315037, "ATOMUSDT_Bearish Trend Change": 1741087568.8318202, "ETCUSDT_Bearish Trend Change": 1741087691.9868104, "BTCUSDT_\u00c7ok G\u00fc\u00e7l\u00fc D\u00fc\u015fen Trend (ADX)": 1741109030.932173, "BNBUSDT_\u00c7ok G\u00fc\u00e7l\u00fc D\u00fc\u015fen Trend (ADX)": 1741143730.306705, "SOLUSDT_Ichimoku TK Cross (Bearish)": 1741091130.8510203, "DOGEUSDT_Ichimoku TK Cross (Bearish)": 1741091254.4973533, "LTCUSDT_\u00c7ok G\u00fc\u00e7l\u00fc D\u00fc\u015fen Trend (ADX)": 1741161262.7072008, "XRPUSDT_\u00c7ok G\u00fc\u00e7l\u00fc Y\u00fckselen Trend (ADX)": 1741109524.9276662, "ADAUSDT_\u00c7ok G\u00fc\u00e7l\u00fc Y\u00fckselen Trend (ADX)": 1741126811.8490121, "LINKUSDT_RSI Bearish Divergence": 1741161632.4644055, "ETCUSDT_D\u00fc\u015fen Trend Ba\u015flang\u0131c\u0131": 1741109894.40717, "ETHUSDT_Technical Analysis Alert": 1741175552.1441638, "LINKUSDT_D\u00fc\u015fen Trend Ba\u015flang\u0131c\u0131": 1741103473.2934117, "SOLUSDT_D\u00fc\u015fen Trend Ba\u015flang\u0131c\u0131": 1741109648.2061508, "ETHUSDT_Fibonacci Diren\u00e7 (0.786)": 1741149656.2302532, "ATOMUSDT_Fibonacci Diren\u00e7 (0.705)": 1741115451.3201618, "BTCUSDT_Ichimoku TK Cross (Bearish)": 1741120884.846692, "ATOMUSDT_Fibonacci Diren\u00e7 (0.786)": 1741155705.8801916, "XRPUSDT_Support Level Test": 1741167806.2681367, "DOTUSDT_Fibonacci Diren\u00e7 (0.786)": 1741149779.222214, "XRPUSDT_Fibonacci Destek (0.5)": 1741150025.605501, "ADAUSDT_\u00c7ok G\u00fc\u00e7l\u00fc D\u00fc\u015fen Trend (ADX)": 1741155459.5785189, "UNIUSDT_Yatay Destek B\u00f6lgesi": 1741138295.9005666, "DOTUSDT_Fibonacci Diren\u00e7 (0.705)": 1741167436.9480772, "BNBUSDT_MACD Bullish Crossover": 1741149902.5093496, "UNIUSDT_Fibonacci Diren\u00e7 (0.786)": 1741155582.8888, "XRPUSDT_Technical Analysis Alert": 1741155829.0043485, "ETHUSDT_MACD Bullish Crossover": 1741161386.208123, "BNBUSDT_Fibonacci Diren\u00e7 (0.705)": 1741161509.277697, "UNIUSDT_MACD Bullish Crossover": 1741161756.2129333, "ATOMUSDT_\u00c7ok G\u00fc\u00e7l\u00fc D\u00fc\u015fen Trend (ADX)": 1741167190.3704576, "ADAUSDT_MACD Bullish Crossover": 1741167313.8850222, "ETHUSDT_Fibonacci Diren\u00e7 (0.705)": 1741167560.103808, "BTCUSDT_MACD Bullish Crossover": 1741167683.4794006, "ETCUSDT_MACD Bullish Crossover": 1741167930.004347, "BNBUSDT_Technical Analysis Alert": 1741168053.1467967, "UNIUSDT_Parabolic SAR Y\u00fckseli\u015f": 1741168176.202369, "AVAXUSDT_Fibonacci Diren\u00e7 (0.705)": 1741173609.8933885, "BNBUSDT_Fibonacci Diren\u00e7 (0.618)": 1741173733.1489542}